id;nom;prenom;email;telephone
1;aimable actionnaire ouin;assez;Quentin_Dumont87@yahoo.fr;+33 387942084
2;perplexe touriste direction;céans turquoise pendant;Amandine_Lemoine@hotmail.fr;+33 764389714
3;sombre membre du personnel peindre;partenaire direction;Adeline.Thomas13@hotmail.fr;+33 416211036
4;secouriste police quitte à;hi candide;Lietald.Huet3@gmail.com;+33 259136324
5;dynamique complètement;subsister à l'insu de estimer;Simone13@hotmail.fr;+33 331103483
6;miam;refuser;Oriande.Marie62@hotmail.fr;+33 468002937
7;bang triangulaire résulter;beaucoup imprimer;Pascal17@gmail.com;0713913029
8;parlementaire derechef émérite;de sorte que;Melissandre.Fernandez@hotmail.fr;+33 705785756
9;alors que avant de éclairer;main-d’œuvre par charitable;Flore.Legrand@yahoo.fr;0772333090
10;glouglou abolir;responsable jamais;Rachel84@hotmail.fr;0713853855
