id;nom;description;email;telephone;employee_count
1;dedans;toc-toc;Pacome54@hotmail.fr;+33 313176688;23502
2;lorsque gai lectorat;également ah apte;Brice_Lucas@hotmail.fr;+33 536532087;32210
3;de peur que trop rédaction;loin;Maximilien29@hotmail.fr;0685259030;6270
4;aujourd'hui horrible;outre;Auguste_Lemoine84@hotmail.fr;0544279770;27422
5;partenaire calme;trop contre envahir;Ambroisie_Leroy@gmail.com;+33 749636273;25838
6;résumer;au-delà;Sixtine_Masson@yahoo.fr;+33 705673324;3759
7;commis de cuisine;ding tranquille;Fulbert.Rodriguez8@gmail.com;+33 108332818;14154
8;par suite de cesser;électorat;Constantin64@hotmail.fr;0438472498;3017
9;défendre près dépendre;subito rouler;Nathalie.Guyot75@gmail.com;+33 114226660;31960
10;sursauter;en faveur de maintenant;Paterne.Julien@hotmail.fr;0712670253;19846
