id;demandeur;nature;motif_description;date_heure_debut_previsionnelle;date_heure_fin_previsionnelle;vehicule;materiel_utilise;article;membre_mission;responsable_mission;statut
1;maigre mettre affable;derrière taire;dans la mesure où exciter;2024-12-31T03:07:42;2024-12-30T12:22:00;sous couleur de;bang quitte à ah;délectable;absolument loin de;patientèle adversaire désagréable;EN_COURS
2;en faveur de;afin que quant à de peur que;encore;2024-12-31T01:26:21;2024-12-31T02:43:52;puis partout du moment que;mélancolique détacher;orange main-d’œuvre emplir;énorme vivace exploser;groin groin rédaction;BROUILLON
3;marier avaler volontiers;céans;sauf à miam pourvu que;2024-12-31T00:34:08;2024-12-30T23:20:11;de façon que;brusque paf à peine;tant;à cause de aïe triangulaire;gai;TERMINE
4;lorsque articuler gagner;de façon que malgré chut;affable;2024-12-30T18:17:03;2024-12-30T23:58:06;nettoyer;tellement sauf;diplomate;vouh;afin que;BROUILLON
5;moyennant;jeune enfant responsable;à peine de crainte que oh;2024-12-31T03:17:14;2024-12-30T21:06:51;pour que;smack avancer;de peur que jeune jadis;de par toujours deviner;ha ha altruiste hormis;EN_COURS
6;ouf lunatique;miam constituer;beaucoup évoquer;2024-12-31T05:47:56;2024-12-30T16:30:46;au point que adepte;tôt;afin que porter au défaut de;avant de égoïste;comme;ANNULE
7;patientèle;sédentaire via puisque;en;2024-12-30T19:59:54;2024-12-30T10:15:26;certainement comme guère;manipuler;après à force de;redire direction;à condition que totalement au point que;BROUILLON
8;aux alentours de autrefois;grrr aussi demain;en guise de;2024-12-31T05:52:19;2024-12-31T03:58:40;maigre;hypocrite;en dedans de alors que;vétuste hors de;si bien que au-delà hebdomadaire;BROUILLON
9;croâ y;antagoniste alentour du moment que;rapprocher;2024-12-30T20:18:43;2024-12-30T16:58:11;franchir infime moyennant;quand;entre;autour de trop parce que;habituer;TERMINE
10;coin-coin fouiller;charitable du fait que;smack insipide d’autant que;2024-12-30T23:50:43;2024-12-31T04:22:49;énergique puisque;dynamique extatique souvent;membre de l’équipe à la faveur de;partenaire;fidèle;TERMINE
